{
  "train": [
    1.1127522020339966,
    1.1101829575811113,
    1.11016510452543,
    1.115069905247007,
    1.110069641828537,
    1.1100949622222356
  ],
  "val": [
    1.1101220825763598,
    1.1088961195455838,
    1.1093260698939023,
    1.1102351016922085,
    1.1097160760126157,
    1.1097940285456236
  ]
}